question,answer
What is the meaning of question number 1?,This is the answer to question number 1.
What is the meaning of question number 2?,This is the answer to question number 2.
What is the meaning of question number 3?,This is the answer to question number 3.
What is the meaning of question number 4?,This is the answer to question number 4.
What is the meaning of question number 5?,This is the answer to question number 5.
What is the meaning of question number 6?,This is the answer to question number 6.
What is the meaning of question number 7?,This is the answer to question number 7.
What is the meaning of question number 8?,This is the answer to question number 8.
What is the meaning of question number 9?,This is the answer to question number 9.
What is the meaning of question number 10?,This is the answer to question number 10.
What is the meaning of question number 11?,This is the answer to question number 11.
What is the meaning of question number 12?,This is the answer to question number 12.
What is the meaning of question number 13?,This is the answer to question number 13.
What is the meaning of question number 14?,This is the answer to question number 14.
What is the meaning of question number 15?,This is the answer to question number 15.
What is the meaning of question number 16?,This is the answer to question number 16.
What is the meaning of question number 17?,This is the answer to question number 17.
What is the meaning of question number 18?,This is the answer to question number 18.
What is the meaning of question number 19?,This is the answer to question number 19.
What is the meaning of question number 20?,This is the answer to question number 20.
What is the meaning of question number 21?,This is the answer to question number 21.
What is the meaning of question number 22?,This is the answer to question number 22.
What is the meaning of question number 23?,This is the answer to question number 23.
What is the meaning of question number 24?,This is the answer to question number 24.
What is the meaning of question number 25?,This is the answer to question number 25.
What is the meaning of question number 26?,This is the answer to question number 26.
What is the meaning of question number 27?,This is the answer to question number 27.
What is the meaning of question number 28?,This is the answer to question number 28.
What is the meaning of question number 29?,This is the answer to question number 29.
What is the meaning of question number 30?,This is the answer to question number 30.
What is the meaning of question number 31?,This is the answer to question number 31.
What is the meaning of question number 32?,This is the answer to question number 32.
What is the meaning of question number 33?,This is the answer to question number 33.
What is the meaning of question number 34?,This is the answer to question number 34.
What is the meaning of question number 35?,This is the answer to question number 35.
What is the meaning of question number 36?,This is the answer to question number 36.
What is the meaning of question number 37?,This is the answer to question number 37.
What is the meaning of question number 38?,This is the answer to question number 38.
What is the meaning of question number 39?,This is the answer to question number 39.
What is the meaning of question number 40?,This is the answer to question number 40.
What is the meaning of question number 41?,This is the answer to question number 41.
What is the meaning of question number 42?,This is the answer to question number 42.
What is the meaning of question number 43?,This is the answer to question number 43.
What is the meaning of question number 44?,This is the answer to question number 44.
What is the meaning of question number 45?,This is the answer to question number 45.
What is the meaning of question number 46?,This is the answer to question number 46.
What is the meaning of question number 47?,This is the answer to question number 47.
What is the meaning of question number 48?,This is the answer to question number 48.
What is the meaning of question number 49?,This is the answer to question number 49.
What is the meaning of question number 50?,This is the answer to question number 50.
What is the meaning of question number 51?,This is the answer to question number 51.
What is the meaning of question number 52?,This is the answer to question number 52.
What is the meaning of question number 53?,This is the answer to question number 53.
What is the meaning of question number 54?,This is the answer to question number 54.
What is the meaning of question number 55?,This is the answer to question number 55.
What is the meaning of question number 56?,This is the answer to question number 56.
What is the meaning of question number 57?,This is the answer to question number 57.
What is the meaning of question number 58?,This is the answer to question number 58.
What is the meaning of question number 59?,This is the answer to question number 59.
What is the meaning of question number 60?,This is the answer to question number 60.
What is the meaning of question number 61?,This is the answer to question number 61.
What is the meaning of question number 62?,This is the answer to question number 62.
What is the meaning of question number 63?,This is the answer to question number 63.
What is the meaning of question number 64?,This is the answer to question number 64.
What is the meaning of question number 65?,This is the answer to question number 65.
What is the meaning of question number 66?,This is the answer to question number 66.
What is the meaning of question number 67?,This is the answer to question number 67.
What is the meaning of question number 68?,This is the answer to question number 68.
What is the meaning of question number 69?,This is the answer to question number 69.
What is the meaning of question number 70?,This is the answer to question number 70.
What is the meaning of question number 71?,This is the answer to question number 71.
What is the meaning of question number 72?,This is the answer to question number 72.
What is the meaning of question number 73?,This is the answer to question number 73.
What is the meaning of question number 74?,This is the answer to question number 74.
What is the meaning of question number 75?,This is the answer to question number 75.
What is the meaning of question number 76?,This is the answer to question number 76.
What is the meaning of question number 77?,This is the answer to question number 77.
What is the meaning of question number 78?,This is the answer to question number 78.
What is the meaning of question number 79?,This is the answer to question number 79.
What is the meaning of question number 80?,This is the answer to question number 80.
What is the meaning of question number 81?,This is the answer to question number 81.
What is the meaning of question number 82?,This is the answer to question number 82.
What is the meaning of question number 83?,This is the answer to question number 83.
What is the meaning of question number 84?,This is the answer to question number 84.
What is the meaning of question number 85?,This is the answer to question number 85.
What is the meaning of question number 86?,This is the answer to question number 86.
What is the meaning of question number 87?,This is the answer to question number 87.
What is the meaning of question number 88?,This is the answer to question number 88.
What is the meaning of question number 89?,This is the answer to question number 89.
What is the meaning of question number 90?,This is the answer to question number 90.
What is the meaning of question number 91?,This is the answer to question number 91.
What is the meaning of question number 92?,This is the answer to question number 92.
What is the meaning of question number 93?,This is the answer to question number 93.
What is the meaning of question number 94?,This is the answer to question number 94.
What is the meaning of question number 95?,This is the answer to question number 95.
What is the meaning of question number 96?,This is the answer to question number 96.
What is the meaning of question number 97?,This is the answer to question number 97.
What is the meaning of question number 98?,This is the answer to question number 98.
What is the meaning of question number 99?,This is the answer to question number 99.
What is the meaning of question number 100?,This is the answer to question number 100.
